<?xml version="1.0" encoding="ISO-8859-1"?>
<project name="Retroweaver">
  <bannerRight>
    <name>Retroweaver</name>
    <src>http://retroweaver.sourceforge.net/images/seascape.gif</src>
    <href>http://retroweaver.sourceforge.net</href>
  </bannerRight>
  <skin>
    <groupId>org.apache.maven.skins</groupId>
    <artifactId>maven-stylus-skin</artifactId>
    <version>1.0-SNAPSHOT</version>
  </skin>
  <publishDate format="dd MMM yyyy" />
  <body>
    <links>
      <item name="Sourceforge project page" href="http://sourceforge.net/projects/retroweaver/" />
    </links>

    <head>
      <meta name="faq" content="faq"/>
    </head>

    <menu name="Retroweaver">
      <item name="Home" href="index.html"/>
      <item name="Download" target='_blank' href="http://sourceforge.net/project/showfiles.php?group_id=104240"/>
      <item name="News" href="news.html"/>
    </menu>
    <menu name="Documentation">
      <item name="FAQ" href="faq.html"/>
      <item name="Ant task" href="ant-task.html"/>
      <item name="Old documentation" href="http://retroweaver.sourceforge.net/documentation.html"/>
    </menu>
    ${reports}
  </body>
</project>

