<?xml version="1.0"?>

<document>
  <properties>
    <title>Ant Task</title>
  </properties>

  <body>
    <section name="Ant Task">
      <subsection name="Description">
        <p>Runs Retroweaver on a directory or set of directories to convert classes produced by a JDK 1.5 compliant compiler to a class file format supported by older JVM's.</p>
      </subsection>
      <subsection name="Class Name">
	      <p>net.sourceforge.retroweaver.ant.RetroWeaverTask</p>
      </subsection>
      <subsection name="Parameters">
<table border="1" cellpadding="2" cellspacing="0">
  <tr>
    <td valign="top"><b>Attribute</b></td>
    <td valign="top"><b>Description</b></td>
    <td align="center" valign="top"><b>Required</b></td>
  </tr>
  <tr>
    <td valign="top">srcdir</td>
    <td valign="top">The directory containing classes to process.</td>
    <td valign="top">One of either srcdir, inputjar or a nested fileset element.</td>
  </tr>
  <tr>
    <td valign="top">destdir</td>
    <td valign="top">The destination directory for the processed classes.</td>
    <td valign="top">No. If not specified, the processed classes overwrite the source classes.</td>
  </tr>
  <tr>
    <td valign="top">inputjar</td>
    <td valign="top">The jar file to proces.</td>
    <td valign="top">One of either srcdir, inputjar or a nested fileset element.</td>
  </tr>
  <tr>
    <td valign="top">outputjar</td>
    <td valign="top">The jar file for the processed classes.</td>
    <td valign="top">Yes if inputjar is specified.</td>
  </tr>
  <tr>
    <td valign="top">classpath</td>
    <td valign="top">The classpath for reference verification. For example, retroweaver-rt-&lt;version&gt;.jar;c:\java\jdk1.4\lib\rt.jar;my-classes</td>
    <td valign="top">No. If not specified, Retroweaver will not verify references.</td>
      </tr>
  <tr>
    <td valign="top">verify</td>
    <td valign="top">Indicates whether the verifier should be called. Note that the verifier is skipped if classpath is not defined.</td>
    <td valign="top">No. Defaults to true.</td>
  </tr>
  <tr>
    <td valign="top">target</td>
    <td valign="top">The target version as either "1.2", "1.3", or "1.4".</td>
    <td valign="top">No. Defaults to "1.4".</td>
  </tr>
  <tr>
    <td valign="top">stripSignatures</td>
    <td valign="top">Indicates whether the generic signatures should be stripped.</td>
    <td valign="top">No. Defaults to false.</td>
  </tr>
  <tr>
    <td valign="top">stripAttributes</td>
    <td valign="top">Indicates whether the custom Retroweaver attributes should be stripped.</td>
    <td valign="top">No. Defaults to false.</td>
  </tr>
  <tr>
    <td valign="top">lazy</td>
    <td valign="top">Indicates if classes that already have the target version should be skipped. If the destination directory is different from the source directory, such classes are copied to the destination with preserved timestamp.</td>
    <td valign="top">No. Defaults to true.</td>
  </tr>
  <tr>
    <td valign="top">failonerror</td>
    <td valign="top">Indicates if the build should fail if an error occurs while processing classes. If false, a warning is logged but the build continues.</td>
    <td valign="top">No. Defaults to true.</td>
  </tr>
  <tr>
    <td valign="top">verbose</td>
    <td valign="top">Indicates if the names of processed files should be logged.</td>
    <td valign="top">No. Defaults to false.</td>
  </tr>
</table>
</subsection>


<subsection name="Parameters specified as nested elements">
	<p>fileset</p>
	<p>One ore more filesets can be specified instead of (or in addition to) the srcdir attribute. Make sure that the fileset only includes class files.</p>
</subsection>


  <subsection name="Examples">
    <p>Declare the Retroweaver class. The example assumes that the property "retroweaver.home" points to the RetroWeaver installation.</p>
    <source><![CDATA[
<taskdef name="retroweaver" classname="net.sourceforge.retroweaver.ant.RetroWeaverTask">
  <classpath>
    <fileset dir="${retroweaver.home}/lib" includes="**/*"/>
    <pathelement location="${retroweaver.home}/release/retroweaver-<version>.jar"/>
  </classpath>
</taskdef>
]]>
    </source>
    <p>Convert a set of classes in a single directory to JDK 1.4 compatible format.</p>
    <source><![CDATA[
<target name="weave" depends="compile">
  <retroweaver srcdir="classes"/>
</target>
]]>
    </source>
    <p>Convert a set of classes, using a fileset, to JDK 1.3 compatible format in another directory.</p>
    <source><![CDATA[
<target name="weave" depends="compile">
  <mkdir dir="classes-13"/>
  <retroweaver destdir="classes-13" target="1.3">
    <fileset dir="classes">
      <include name="**/*.class"/>
    </fileset>
  </retroweaver>
</target>
]]>
    </source>
</subsection>

   </section>
 </body>
</document>
