<?xml version="1.0"?>
<document>
  <properties>
    <title>News</title>
  </properties>
  <body>
    <section name="News">
      <font size="2" face="Arial">
      <ul>
        <li>
		<p><b>9/04/2006</b> - Retroweaver 2.0 Beta 1 Released.</p>
		<p>The main changes in this 2.0 Beta 1 version include:</p>
		<p><ul>
			<li>support for annotations.</li>
			<li>mirror mechanism to emulate 1.5 features for both methods and constructors.</li>
			<li>renaming of packages to net.sourceforge.retroweaver.</li>
		</ul></p>
		<p>See the Changelog for details.</p>
	</li>
        <li>
		<p><b>9/04/2006</b> - Retroweaver 1.2.5 Released.</p><p> This is mainly a bug fix release. See the Changelog for details.</p>
		<p>Note that the 1.2 branch is now in maintenance mode and new features will be added to the 2.0 version.</p>
	</li>
        <li>
		<p><b>8/13/2006</b> - Retroweaver 1.2.4 Released.</p><p> This is mainly a bug fix release. See the Changelog for details.</p>
	</li>
        <li>
		<p><b>4/22/2006</b> - Retroweaver 1.2.3 Released.</p><p> This is mainly a bug fix release. See the Changelog for details.</p>
	</li>
        <li>
		<p><b>4/5/2006</b> - Retroweaver 1.2.2 Released.</p><p>This is mainly a bug fix release. See the Changelog for details.</p>
	</li>
        <li>
		<p><b>3/13/2006</b> - Retroweaver 1.2.1 Released.</p><p>This is mainly a bug fix release. See the Changelog for details.</p>
	</li>
        <li>
		<p><b>2/26/2006</b> - Retroweaver 1.2 Released.</p><p>This marks the merging of retroweaver-ng back into the official project.</p>
	  <p>Changes include: bug fixes, patches, new architecture for byte code generation, new options to weave jar files and WeaveRunner, a new ClassLoader to weave classes at runtime. See the Changelog for details.</p>
	</li>
        <li>
		<p><b>1/19/2005</b> - Retroweaver 1.1 Released.</p><p>This is primarily a new feature release, with support for reference verification, an ant task, and a separate runtime jar.</p>
        </li>
        <li>
		<p><b>10/12/2004</b> - Retroweaver 1.0 FCS Released.</p><p>This is the final 1.0 release of Retroweaver coinciding with the JDK 1.5 FCS release.</p>
        </li>
        <li>
		<p><b>3/24/2004</b> - Retroweaver 1.0 RC5 Released.</p><p>This is a bug fix release.</p>
        </li>
        <li>
		<p><b>3/22/2004</b> - Retroweaver 1.0 RC4 Released.</p><p>This release contains more support for optimization of autoboxing and new support for java.lang.Iterable and java.lang.Enum.</p>
        </li>
        <li>
		<p><b>3/17/2004</b> - Retroweaver 1.0 RC3 Released.</p><p>Release Candidate 3 of Retroweaver Version 1 has just been released.</p>
        </li>
        <li>
		<p><b>3/10/2004</b> - Retroweaver 1.0 RC1 Released.</p><p>Release Candidate 1 of Retroweaver Version 1 has just been released. This first initial release contains support for all JDK1.5 features aside from enumerations and annotations.</p>
        </li>
      </ul>
      </font>
    </section>
  </body>
</document>

